timezone,temp,humidity,description
2025-02-19 05:40:47,0.76,29,clear sky
2025-02-19 05:41:39,0.76,29,clear sky
2025-02-19 05:48:36,0.76,29,clear sky
2025-02-19 05:55:49,0.76,29,clear sky
2025-02-19 06:41:50,1.76,25,clear sky
2025-02-19 06:50:28,1.76,25,clear sky
2025-02-19 06:57:41,1.76,25,clear sky
2025-02-19 07:26:52,-0.42,18,clear sky
2025-02-19 07:37:19,0.76,25,clear sky
2025-02-19 07:44:16,0.76,25,clear sky
2025-02-19 07:51:24,0.76,25,clear sky
2025-02-19 07:58:21,0.76,25,clear sky
2025-02-19 08:39:55,0.76,29,clear sky
2025-02-19 08:51:07,0.76,29,clear sky
2025-02-19 08:58:03,0.76,29,clear sky
2025-02-19 09:30:57,-1.24,29,clear sky
2025-02-19 09:41:03,-1.24,29,clear sky
2025-02-19 09:47:55,-1.24,29,clear sky
2025-02-19 09:54:46,-1.24,29,clear sky
2025-02-19 10:37:59,-3.24,39,clear sky
2025-02-19 10:45:15,-3.24,39,clear sky
2025-02-19 10:52:05,-3.24,39,clear sky
2025-02-19 10:58:53,-3.24,39,clear sky
2025-02-19 11:23:49,-3.24,43,clear sky
2025-02-19 11:30:55,-3.24,43,clear sky
2025-02-19 11:39:23,-3.24,43,clear sky
2025-02-19 11:46:32,-3.24,43,clear sky
2025-02-19 11:53:35,-3.24,43,clear sky
2025-02-19 13:02:00,-4.24,50,clear sky
2025-02-19 13:35:07,-5.24,50,clear sky
2025-02-19 13:42:36,-5.24,50,clear sky
2025-02-19 13:49:36,-5.24,50,clear sky
2025-02-19 13:56:40,-5.24,50,clear sky
2025-02-19 14:35:48,-5.24,54,clear sky
2025-02-19 14:44:44,-5.24,54,clear sky
2025-02-19 14:52:01,-5.24,54,clear sky
2025-02-19 14:59:05,-5.24,54,clear sky
2025-02-19 15:32:18,-6.24,58,clear sky
2025-02-19 15:41:36,-6.24,58,clear sky
2025-02-19 15:49:07,-6.24,58,clear sky
2025-02-19 15:56:13,-6.24,58,clear sky
2025-02-19 16:40:54,-6.24,58,clear sky
2025-02-19 16:51:39,-6.24,58,clear sky
2025-02-19 16:58:58,-6.24,58,clear sky
2025-02-19 17:31:40,-8.24,62,clear sky
2025-02-19 17:41:10,-8.24,62,clear sky
2025-02-19 17:48:28,-8.24,62,clear sky
2025-02-19 17:55:27,-8.24,62,clear sky
2025-02-19 18:41:19,-8.24,67,clear sky
2025-02-19 18:50:21,-8.24,67,clear sky
2025-02-19 18:57:21,-8.24,67,clear sky
2025-02-19 19:19:43,-9.24,73,clear sky
2025-02-19 19:27:02,-9.24,73,clear sky
2025-02-19 19:37:26,-9.24,73,clear sky
2025-02-19 19:44:11,-9.24,73,clear sky
2025-02-19 19:51:14,-9.24,73,clear sky
2025-02-19 19:58:03,-9.24,73,clear sky
2025-02-19 20:31:31,-10.24,85,clear sky
2025-02-19 20:41:26,-10.24,85,clear sky
2025-02-19 20:48:49,-10.24,85,clear sky
2025-02-19 20:55:31,-10.24,85,clear sky
2025-02-19 21:25:48,-10.24,85,clear sky
2025-02-19 21:36:05,-10.24,85,clear sky
2025-02-19 21:42:59,-10.24,85,clear sky
2025-02-19 21:49:59,-10.24,85,clear sky
2025-02-19 21:56:57,-10.24,85,clear sky
2025-02-19 22:30:40,-8.24,73,clear sky
2025-02-19 22:40:48,-8.24,73,clear sky
2025-02-19 22:47:46,-8.24,73,clear sky
2025-02-19 22:54:35,-8.24,73,clear sky
2025-02-19 23:25:59,-4.45,43,clear sky
2025-02-19 23:37:42,-7.24,73,clear sky
2025-02-19 23:44:34,-7.24,73,clear sky
2025-02-19 23:51:25,-7.24,73,clear sky
2025-02-19 23:58:21,-7.24,73,clear sky
2025-02-20 02:53:39,-0.24,32,clear sky
2025-02-20 03:38:49,0.76,29,clear sky
2025-02-20 03:47:17,0.76,29,clear sky
2025-02-20 03:54:07,0.76,29,clear sky
2025-02-20 04:35:22,0.76,29,clear sky
2025-02-20 04:45:15,0.76,29,clear sky
2025-02-20 04:52:24,0.76,29,clear sky
2025-02-20 04:59:09,0.76,29,clear sky
2025-02-20 05:33:02,1.76,27,clear sky
2025-02-20 05:41:52,1.76,27,clear sky
2025-02-20 05:48:54,1.76,27,clear sky
2025-02-20 05:55:47,1.76,27,clear sky
2025-02-20 06:41:40,1.76,27,clear sky
2025-02-20 06:50:32,1.76,27,clear sky
2025-02-20 06:57:26,1.76,27,clear sky
2025-02-20 07:26:04,1.76,27,clear sky
2025-02-20 07:36:29,1.76,27,clear sky
2025-02-20 07:43:15,1.76,27,clear sky
2025-02-20 07:50:15,1.76,27,clear sky
2025-02-20 07:57:04,1.76,27,clear sky
2025-02-20 08:39:22,0.76,23,clear sky
2025-02-20 08:50:12,0.76,23,clear sky
2025-02-20 08:57:16,0.76,23,clear sky
2025-02-20 09:30:51,-1.24,29,clear sky
2025-02-20 09:41:35,-1.24,29,clear sky
2025-02-20 09:48:47,-1.24,29,clear sky
2025-02-20 09:55:40,-1.24,29,clear sky
2025-02-20 10:38:38,-2.24,34,clear sky
2025-02-20 10:45:42,-2.24,34,clear sky
2025-02-20 10:52:28,-2.24,34,clear sky
2025-02-20 10:59:11,-2.24,34,clear sky
2025-02-20 11:24:02,-3.24,36,clear sky
2025-02-20 11:36:00,-3.24,36,clear sky
2025-02-20 11:43:20,-3.24,36,clear sky
2025-02-20 11:50:26,-3.24,36,clear sky
2025-02-20 11:57:13,-3.24,36,clear sky
2025-02-20 13:04:17,-4.24,39,clear sky
2025-02-20 13:37:04,-5.24,50,clear sky
2025-02-20 13:44:12,-5.24,50,clear sky
2025-02-20 13:51:09,-5.24,50,clear sky
2025-02-20 13:58:22,-5.24,50,clear sky
2025-02-20 14:37:10,-5.24,54,clear sky
2025-02-20 14:45:05,-5.24,54,clear sky
2025-02-20 14:52:09,-5.24,54,clear sky
2025-02-20 14:59:05,-5.24,54,clear sky
2025-02-20 15:34:23,-6.24,58,clear sky
2025-02-20 15:44:22,-6.24,58,clear sky
2025-02-20 15:51:24,-6.24,58,clear sky
2025-02-20 15:58:22,-6.24,58,clear sky
2025-02-20 16:44:14,-7.24,63,clear sky
2025-02-20 16:54:45,-7.24,63,clear sky
2025-02-20 17:28:07,-3.79,41,clear sky
2025-02-20 17:40:37,-6.24,63,clear sky
2025-02-20 17:47:41,-6.24,63,clear sky
2025-02-20 17:54:33,-6.24,63,clear sky
2025-02-20 18:41:18,-7.24,63,clear sky
2025-02-20 18:50:43,-7.24,63,clear sky
2025-02-20 18:57:34,-7.24,63,clear sky
2025-02-20 19:21:36,-4.01,42,clear sky
2025-02-20 19:28:30,-9.24,62,clear sky
2025-02-20 19:38:24,-9.24,62,clear sky
2025-02-20 19:45:21,-9.24,62,clear sky
2025-02-20 19:52:10,-9.24,62,clear sky
2025-02-20 19:59:00,-9.24,62,clear sky
2025-02-20 20:31:28,-9.24,73,clear sky
2025-02-20 20:42:28,-9.24,73,clear sky
2025-02-20 20:49:21,-9.24,73,clear sky
2025-02-20 20:56:13,-9.24,73,clear sky
2025-02-20 21:26:05,-10.24,79,clear sky
2025-02-20 21:35:43,-10.24,79,clear sky
2025-02-20 21:42:32,-10.24,79,clear sky
2025-02-20 21:49:30,-10.24,79,clear sky
2025-02-20 21:56:41,-10.24,79,clear sky
2025-02-20 22:32:48,-10.24,85,clear sky
2025-02-20 22:42:02,-10.24,85,clear sky
2025-02-20 22:48:49,-10.24,85,clear sky
2025-02-20 22:55:59,-10.24,85,clear sky
2025-02-20 23:28:19,-7.24,73,clear sky
2025-02-20 23:38:18,-7.24,73,clear sky
2025-02-20 23:45:28,-7.24,73,clear sky
2025-02-20 23:52:34,-7.24,73,clear sky
2025-02-20 23:59:36,-7.24,73,clear sky
2025-02-21 02:54:31,-0.24,32,clear sky
2025-02-21 03:37:44,0.76,32,clear sky
2025-02-21 03:45:54,0.76,32,clear sky
2025-02-21 03:52:56,0.76,32,clear sky
2025-02-21 03:59:59,0.76,32,clear sky
2025-02-21 04:41:47,0.76,32,clear sky
2025-02-21 04:50:19,0.76,32,clear sky
2025-02-21 04:57:16,0.76,32,clear sky
2025-02-21 05:32:10,0.76,32,clear sky
2025-02-21 05:41:28,0.76,32,clear sky
2025-02-21 05:48:36,0.76,32,clear sky
2025-02-21 05:55:54,0.76,32,clear sky
2025-02-21 06:41:40,0.76,37,clear sky
2025-02-21 06:50:25,0.76,37,clear sky
2025-02-21 06:57:37,0.76,37,clear sky
2025-02-21 07:26:26,0.76,40,clear sky
2025-02-21 07:35:55,0.76,40,clear sky
2025-02-21 07:43:04,0.76,40,clear sky
2025-02-21 07:50:01,0.76,40,clear sky
2025-02-21 07:56:45,0.76,40,clear sky
2025-02-21 08:38:03,1.76,30,clear sky
2025-02-21 08:48:25,1.76,30,clear sky
2025-02-21 08:55:44,1.76,30,clear sky
2025-02-21 09:29:45,-0.24,27,clear sky
2025-02-21 09:40:40,-0.24,27,clear sky
2025-02-21 09:47:50,-0.24,27,clear sky
2025-02-21 09:54:32,-0.24,27,clear sky
2025-02-21 10:37:19,-2.24,37,clear sky
2025-02-21 10:44:29,-2.24,37,clear sky
2025-02-21 10:51:27,-2.24,37,clear sky
2025-02-21 10:58:13,-2.24,37,clear sky
2025-02-21 11:25:52,-2.24,40,clear sky
2025-02-21 11:35:58,-2.24,40,clear sky
2025-02-21 11:42:54,-2.24,40,clear sky
2025-02-21 11:49:48,-2.24,40,clear sky
2025-02-21 11:56:38,-2.24,40,clear sky
2025-02-21 13:03:09,-3.24,46,clear sky
2025-02-21 13:31:47,-4.24,50,clear sky
2025-02-21 13:39:53,-4.24,50,clear sky
2025-02-21 13:46:52,-4.24,50,clear sky
2025-02-21 13:53:55,-4.24,50,clear sky
2025-02-21 14:31:35,-4.24,50,clear sky
2025-02-21 14:42:32,-4.24,50,clear sky
2025-02-21 14:49:38,-4.24,50,clear sky
2025-02-21 14:56:22,-4.24,50,clear sky
2025-02-21 15:30:42,-4.24,54,clear sky
2025-02-21 15:41:24,-4.24,54,clear sky
2025-02-21 15:48:21,-4.24,54,clear sky
2025-02-21 15:55:21,-4.24,54,clear sky
2025-02-21 16:39:09,-5.24,58,clear sky
2025-02-21 16:47:03,-5.24,58,clear sky
2025-02-21 16:53:50,-5.24,58,clear sky
2025-02-21 17:26:43,-5.24,63,clear sky
2025-02-21 17:36:27,-5.24,63,clear sky
2025-02-21 17:43:21,-5.24,63,clear sky
2025-02-21 17:50:42,-5.24,63,clear sky
2025-02-21 17:57:36,-5.24,63,clear sky
2025-02-21 18:40:56,-6.24,73,clear sky
2025-02-21 18:49:36,-6.24,73,clear sky
2025-02-21 18:56:36,-6.24,73,clear sky
2025-02-21 19:20:34,-4,38,clear sky
2025-02-21 19:27:32,-7.24,73,clear sky
2025-02-21 19:37:23,-7.24,73,clear sky
2025-02-21 19:44:26,-7.24,73,clear sky
2025-02-21 19:51:38,-7.24,73,clear sky
2025-02-21 19:58:28,-7.24,73,clear sky
2025-02-21 20:30:16,-8.24,86,clear sky
2025-02-21 20:41:35,-8.24,86,clear sky
2025-02-21 20:48:41,-8.24,86,clear sky
2025-02-21 20:55:50,-8.24,86,clear sky
2025-02-21 21:22:40,-7.24,73,clear sky
2025-02-21 21:29:19,-7.24,73,clear sky
2025-02-21 21:38:30,-7.24,73,clear sky
2025-02-21 21:45:22,-7.24,73,clear sky
2025-02-21 21:52:15,-7.24,73,clear sky
2025-02-21 21:59:07,-7.24,73,clear sky
2025-02-21 22:32:36,-7.24,79,clear sky
2025-02-21 22:41:42,-7.24,79,clear sky
2025-02-21 22:48:31,-7.24,79,clear sky
2025-02-21 22:55:32,-7.24,79,clear sky
2025-02-21 23:27:00,-6.24,73,clear sky
2025-02-21 23:36:49,-6.24,73,clear sky
2025-02-21 23:43:33,-6.24,73,clear sky
2025-02-21 23:50:39,-6.24,73,clear sky
2025-02-21 23:57:37,-6.24,73,clear sky
2025-02-22 02:38:37,-0.24,34,clear sky
2025-02-22 03:30:38,0.76,34,clear sky
2025-02-22 03:41:36,0.76,34,clear sky
2025-02-22 03:48:39,0.76,34,clear sky
2025-02-22 03:55:38,0.76,34,clear sky
2025-02-22 04:38:44,1.76,32,clear sky
2025-02-22 04:46:30,1.76,32,clear sky
2025-02-22 04:53:42,1.76,32,clear sky
2025-02-22 05:30:01,0.76,34,clear sky
2025-02-22 05:39:52,0.76,34,clear sky
2025-02-22 05:47:01,0.76,34,clear sky
2025-02-22 05:54:17,0.76,34,clear sky
2025-02-22 06:41:30,0.76,37,clear sky
2025-02-22 06:50:19,0.76,37,clear sky
2025-02-22 06:57:01,0.76,37,clear sky
2025-02-22 07:23:04,0.76,37,clear sky
2025-02-22 07:29:52,0.76,37,clear sky
2025-02-22 07:38:01,0.76,37,clear sky
2025-02-22 07:45:02,0.76,37,clear sky
2025-02-22 07:52:09,0.76,37,clear sky
2025-02-22 07:59:17,0.76,37,clear sky
2025-02-22 08:33:03,0.76,37,clear sky
2025-02-22 08:44:07,0.76,37,clear sky
2025-02-22 08:51:14,0.76,37,clear sky
2025-02-22 08:58:00,0.76,37,clear sky
2025-02-22 09:27:13,-0.49,28,clear sky
2025-02-22 09:35:25,-1.24,47,clear sky
2025-02-22 09:42:07,-1.24,47,clear sky
2025-02-22 09:49:27,-1.24,47,clear sky
2025-02-22 09:56:15,-1.24,47,clear sky
2025-02-22 10:38:26,-1.24,51,clear sky
2025-02-22 10:45:15,-1.24,51,clear sky
2025-02-22 10:52:09,-1.24,51,clear sky
2025-02-22 10:59:06,-1.24,51,clear sky
2025-02-22 11:20:32,-2.26,34,clear sky
2025-02-22 11:27:40,-2.26,34,clear sky
2025-02-22 11:36:34,-2.24,37,clear sky
2025-02-22 11:43:29,-2.24,37,clear sky
2025-02-22 11:50:20,-2.24,37,clear sky
2025-02-22 11:57:25,-2.24,37,clear sky
2025-02-22 12:57:32,-4.24,42,clear sky
2025-02-22 13:28:00,-5.24,46,clear sky
2025-02-22 13:36:47,-5.24,46,clear sky
2025-02-22 13:43:49,-5.24,46,clear sky
2025-02-22 13:50:38,-5.24,46,clear sky
2025-02-22 13:57:24,-5.24,46,clear sky
2025-02-22 14:29:29,-5.24,50,clear sky
2025-02-22 14:38:32,-5.24,50,clear sky
2025-02-22 14:45:21,-5.24,50,clear sky
2025-02-22 14:52:11,-5.24,50,clear sky
2025-02-22 14:59:05,-5.24,50,clear sky
2025-02-22 15:27:43,-3.59,39,scattered clouds
2025-02-22 15:35:53,-6.24,53,clear sky
2025-02-22 15:42:49,-6.24,53,clear sky
2025-02-22 15:50:09,-6.24,53,clear sky
2025-02-22 15:57:07,-6.24,53,clear sky
2025-02-22 16:35:24,-6.24,58,clear sky
2025-02-22 16:43:49,-6.24,58,clear sky
2025-02-22 16:50:45,-6.24,58,clear sky
2025-02-22 16:57:30,-6.24,58,clear sky
2025-02-22 17:30:14,-8.24,62,clear sky
2025-02-22 17:38:57,-8.24,62,clear sky
2025-02-22 17:46:14,-8.24,62,clear sky
2025-02-22 17:53:28,-8.24,62,clear sky
2025-02-22 18:00:35,-8.24,62,clear sky
2025-02-22 18:37:35,-7.24,58,clear sky
2025-02-22 18:44:36,-7.24,58,clear sky
2025-02-22 18:51:20,-7.24,58,clear sky
2025-02-22 18:58:06,-7.24,58,clear sky
2025-02-22 19:19:40,-4.19,39,clear sky
2025-02-22 19:26:31,-4.19,39,clear sky
2025-02-22 19:35:51,-9.24,67,clear sky
2025-02-22 19:42:51,-9.24,67,clear sky
2025-02-22 19:49:53,-9.24,67,clear sky
2025-02-22 19:56:42,-9.24,67,clear sky
2025-02-22 20:27:27,-8.24,67,clear sky
2025-02-22 20:35:57,-8.24,67,clear sky
2025-02-22 20:43:07,-8.24,67,clear sky
2025-02-22 20:50:17,-8.24,67,clear sky
2025-02-22 20:57:15,-8.24,67,clear sky
2025-02-22 21:25:02,-4.75,35,clear sky
2025-02-22 21:35:16,-8.24,67,clear sky
2025-02-22 21:42:15,-8.24,67,clear sky
2025-02-22 21:49:23,-8.24,67,clear sky
2025-02-22 21:56:08,-8.24,67,clear sky
2025-02-22 22:30:17,-7.24,63,clear sky
2025-02-22 22:39:52,-7.24,63,clear sky
2025-02-22 22:46:44,-7.24,63,clear sky
2025-02-22 22:53:57,-7.24,63,clear sky
2025-02-22 23:23:39,-4.93,37,clear sky
2025-02-22 23:30:38,-5.24,58,clear sky
2025-02-22 23:39:02,-5.24,58,clear sky
2025-02-22 23:46:19,-5.24,58,clear sky
2025-02-22 23:53:12,-5.24,58,clear sky
2025-02-23 00:00:17,-5.24,58,clear sky
2025-02-23 02:58:42,-1.24,37,clear sky
2025-02-23 03:38:39,-2.24,34,few clouds
2025-02-23 03:46:42,-2.24,34,few clouds
2025-02-23 03:53:31,-2.24,34,few clouds
2025-02-23 04:38:42,-0.24,32,few clouds
2025-02-23 04:47:09,-0.24,32,few clouds
2025-02-23 04:54:19,-0.24,32,few clouds
2025-02-23 05:30:54,-0.24,27,clear sky
2025-02-23 05:40:10,-0.24,27,clear sky
2025-02-23 05:47:05,-0.24,27,clear sky
2025-02-23 05:54:23,-0.24,27,clear sky
2025-02-23 06:38:41,-0.24,29,clear sky
2025-02-23 06:46:26,-0.24,29,clear sky
2025-02-23 06:53:32,-0.24,29,clear sky
2025-02-23 07:24:30,-0.24,34,clear sky
2025-02-23 07:33:43,-0.24,34,clear sky
2025-02-23 07:40:40,-0.24,34,clear sky
2025-02-23 07:47:38,-0.24,34,clear sky
2025-02-23 07:54:34,-0.24,34,clear sky
2025-02-23 08:33:26,-0.24,29,clear sky
2025-02-23 08:45:41,-0.24,29,clear sky
2025-02-23 08:52:28,-0.24,29,clear sky
2025-02-23 08:59:40,-0.24,29,clear sky
2025-02-23 09:29:58,-2.24,34,clear sky
2025-02-23 09:41:09,-2.24,34,clear sky
2025-02-23 09:47:56,-2.24,34,clear sky
2025-02-23 09:55:00,-2.24,34,clear sky
2025-02-23 10:33:34,-3.24,36,clear sky
2025-02-23 10:41:56,-3.24,36,clear sky
2025-02-23 10:48:53,-3.24,36,clear sky
2025-02-23 10:55:42,-3.24,36,clear sky
2025-02-23 11:21:32,-4.24,42,clear sky
2025-02-23 11:28:24,-4.24,42,clear sky
2025-02-23 11:39:56,-4.24,42,clear sky
2025-02-23 11:46:38,-4.24,42,clear sky
2025-02-23 11:53:24,-4.24,42,clear sky
2025-02-23 12:58:27,-5.24,50,clear sky
2025-02-23 13:28:49,-5.24,50,clear sky
2025-02-23 13:38:07,-5.24,50,clear sky
2025-02-23 13:45:11,-5.24,50,clear sky
2025-02-23 13:52:31,-5.24,50,clear sky
2025-02-23 13:59:17,-5.24,50,clear sky
2025-02-23 14:30:39,-6.24,53,clear sky
2025-02-23 14:41:27,-6.24,53,clear sky
2025-02-23 14:48:30,-6.24,53,clear sky
2025-02-23 14:55:20,-6.24,53,clear sky
2025-02-23 15:26:08,-6.24,53,clear sky
2025-02-23 15:38:37,-6.24,53,clear sky
2025-02-23 15:45:39,-6.24,53,clear sky
2025-02-23 15:52:54,-6.24,53,clear sky
2025-02-23 15:59:50,-6.24,53,clear sky
2025-02-23 16:35:58,-6.24,58,clear sky
2025-02-23 16:43:38,-6.24,58,clear sky
2025-02-23 16:50:38,-6.24,58,clear sky
2025-02-23 16:57:38,-6.24,58,clear sky
2025-02-23 17:27:50,-8.24,62,clear sky
2025-02-23 17:40:44,-8.24,62,clear sky
2025-02-23 17:47:48,-8.24,62,clear sky
2025-02-23 17:54:59,-8.24,62,clear sky
2025-02-23 18:36:30,-8.24,67,clear sky
2025-02-23 18:44:50,-8.24,67,clear sky
2025-02-23 18:52:01,-8.24,67,clear sky
2025-02-23 18:58:45,-8.24,67,clear sky
2025-02-23 19:19:13,-10.24,79,clear sky
2025-02-23 19:26:13,-10.24,79,clear sky
2025-02-23 19:35:56,-10.24,79,clear sky
2025-02-23 19:42:56,-10.24,79,clear sky
2025-02-23 19:49:58,-10.24,79,clear sky
2025-02-23 19:56:44,-10.24,79,clear sky
2025-02-23 20:28:37,-4.09,42,clear sky
2025-02-23 20:40:47,-10.24,73,clear sky
2025-02-23 20:47:36,-10.24,73,clear sky
2025-02-23 20:54:23,-10.24,73,clear sky
2025-02-23 21:24:50,-9.24,73,clear sky
2025-02-23 21:35:08,-9.24,73,clear sky
2025-02-23 21:42:15,-9.24,73,clear sky
2025-02-23 21:49:26,-9.24,73,clear sky
2025-02-23 21:56:12,-9.24,73,clear sky
2025-02-23 22:31:06,-10.24,79,clear sky
2025-02-23 22:40:17,-10.24,79,clear sky
2025-02-23 22:47:00,-10.24,79,clear sky
2025-02-23 22:54:02,-10.24,79,clear sky
2025-02-23 23:24:40,-7.24,68,clear sky
2025-02-23 23:35:59,-7.24,68,clear sky
2025-02-23 23:42:43,-7.24,68,clear sky
2025-02-23 23:49:37,-7.24,68,clear sky
2025-02-23 23:56:33,-7.24,68,clear sky
2025-02-24 02:58:56,0.76,32,clear sky
2025-02-24 03:42:05,1.76,30,clear sky
2025-02-24 03:51:28,1.76,30,clear sky
2025-02-24 03:58:24,1.76,30,clear sky
2025-02-24 04:37:28,2.76,30,clear sky
2025-02-24 04:45:40,2.76,30,clear sky
2025-02-24 04:52:37,2.76,30,clear sky
2025-02-24 04:59:25,2.76,30,clear sky
2025-02-24 05:33:10,3.76,33,clear sky
2025-02-24 05:42:11,3.76,33,clear sky
2025-02-24 05:49:00,3.76,33,clear sky
2025-02-24 05:55:49,3.76,33,clear sky
2025-02-24 06:44:04,3.76,33,clear sky
2025-02-24 06:51:51,3.76,33,clear sky
2025-02-24 06:58:53,3.76,33,clear sky
2025-02-24 07:27:00,2.2,24,clear sky
2025-02-24 07:36:27,3.76,30,clear sky
2025-02-24 07:43:09,3.76,30,clear sky
2025-02-24 07:49:58,3.76,30,clear sky
2025-02-24 07:57:05,3.76,30,clear sky
2025-02-24 08:41:00,3.76,30,clear sky
2025-02-24 08:51:24,3.76,30,clear sky
2025-02-24 08:58:25,3.76,30,clear sky
2025-02-24 09:32:05,1.76,35,clear sky
2025-02-24 09:42:28,1.76,35,clear sky
2025-02-24 09:49:32,1.76,35,clear sky
2025-02-24 09:56:19,1.76,35,clear sky
2025-02-24 10:39:00,0.76,40,clear sky
2025-02-24 10:46:27,0.76,40,clear sky
2025-02-24 10:53:41,0.76,40,clear sky
2025-02-24 11:22:58,0.76,60,clear sky
2025-02-24 11:29:49,0.76,60,clear sky
2025-02-24 11:39:26,0.76,60,clear sky
2025-02-24 11:46:26,0.76,60,clear sky
2025-02-24 11:53:25,0.76,60,clear sky
2025-02-24 13:04:42,0.76,64,clear sky
2025-02-24 13:39:21,-0.24,69,clear sky
2025-02-24 13:46:14,-0.24,69,clear sky
2025-02-24 13:53:19,-0.24,69,clear sky
2025-02-24 14:00:05,-0.24,69,clear sky
2025-02-24 14:37:51,-2.24,86,clear sky
2025-02-24 14:45:53,-2.24,86,clear sky
2025-02-24 14:52:51,-2.24,86,clear sky
2025-02-24 14:59:39,-2.24,86,clear sky
2025-02-24 15:35:41,-5.24,93,clear sky
2025-02-24 15:44:56,-5.24,93,clear sky
2025-02-24 15:52:13,-5.24,93,clear sky
2025-02-24 15:59:07,-5.24,93,clear sky
2025-02-24 16:46:08,-6.24,100,clear sky
2025-02-24 16:54:39,-6.24,100,clear sky
2025-02-24 17:29:00,-5.24,100,clear sky
2025-02-24 17:40:13,-5.24,100,clear sky
2025-02-24 17:47:26,-5.24,100,clear sky
2025-02-24 17:54:37,-5.24,100,clear sky
2025-02-24 18:42:39,-7.24,93,clear sky
2025-02-24 18:51:34,-7.24,93,clear sky
2025-02-24 18:58:46,-7.24,93,clear sky
2025-02-24 19:22:33,-0.5,65,few clouds
2025-02-24 19:29:20,-6.24,93,clear sky
2025-02-24 19:39:14,-6.24,93,clear sky
2025-02-24 19:46:18,-6.24,93,clear sky
2025-02-24 19:53:03,-6.24,93,clear sky
2025-02-24 19:59:52,-6.24,93,clear sky
2025-02-24 20:32:09,-7.24,100,clear sky
2025-02-24 20:42:34,-7.24,100,clear sky
2025-02-24 20:49:48,-7.24,100,clear sky
2025-02-24 20:56:36,-7.24,100,clear sky
2025-02-24 21:26:13,-0.58,69,broken clouds
2025-02-24 21:37:17,-7.24,100,clear sky
2025-02-24 21:44:13,-7.24,100,clear sky
2025-02-24 21:51:10,-7.24,100,clear sky
2025-02-24 21:57:57,-7.24,100,clear sky
2025-02-24 22:33:40,-6.24,100,clear sky
2025-02-24 22:42:27,-6.24,100,clear sky
2025-02-24 22:49:21,-6.24,100,clear sky
2025-02-24 22:56:28,-6.24,100,clear sky
2025-02-24 23:27:01,-0.53,66,scattered clouds
2025-02-24 23:37:09,-3.24,93,clear sky
2025-02-24 23:44:05,-3.24,93,clear sky
2025-02-24 23:51:17,-3.24,93,clear sky
2025-02-24 23:58:10,-3.24,93,clear sky
2025-02-25 02:58:07,3.76,60,broken clouds
2025-02-25 03:41:06,5.76,52,broken clouds
2025-02-25 03:49:52,5.76,52,broken clouds
2025-02-25 03:56:37,5.76,52,broken clouds
2025-02-25 04:37:32,4.76,56,broken clouds
2025-02-25 04:45:48,4.76,56,broken clouds
2025-02-25 04:52:55,4.76,56,broken clouds
2025-02-25 04:59:45,4.76,56,broken clouds
2025-02-25 05:34:11,4.76,60,broken clouds
2025-02-25 05:42:16,4.76,60,broken clouds
2025-02-25 05:49:15,4.76,60,broken clouds
2025-02-25 05:56:10,4.76,60,broken clouds
2025-02-25 06:42:53,4.76,65,broken clouds
2025-02-25 06:51:20,4.76,65,broken clouds
2025-02-25 06:58:16,4.76,65,broken clouds
2025-02-25 07:27:38,5.76,61,broken clouds
2025-02-25 07:36:56,5.76,61,broken clouds
2025-02-25 07:43:41,5.76,61,broken clouds
2025-02-25 07:50:57,5.76,61,broken clouds
2025-02-25 07:57:46,5.76,61,broken clouds
2025-02-25 08:39:44,4.76,65,broken clouds
2025-02-25 08:51:07,4.76,65,broken clouds
2025-02-25 08:57:55,4.76,65,broken clouds
2025-02-25 09:31:56,4.76,70,broken clouds
2025-02-25 09:42:22,4.76,70,broken clouds
2025-02-25 09:49:33,4.76,70,broken clouds
2025-02-25 09:56:30,4.76,70,broken clouds
2025-02-25 10:38:58,3.76,75,broken clouds
2025-02-25 10:47:02,3.76,75,broken clouds
2025-02-25 10:54:14,3.76,75,broken clouds
2025-02-25 11:24:16,3.76,75,broken clouds
2025-02-25 11:36:01,3.76,75,broken clouds
2025-02-25 11:42:48,3.76,75,broken clouds
2025-02-25 11:50:12,3.76,75,broken clouds
2025-02-25 11:57:16,3.76,75,broken clouds
2025-02-25 13:05:09,3.76,81,scattered clouds
2025-02-25 13:38:50,1.76,93,scattered clouds
2025-02-25 13:45:58,1.76,93,scattered clouds
2025-02-25 13:53:18,1.76,93,scattered clouds
2025-02-25 14:00:09,1.76,93,scattered clouds
2025-02-25 14:38:40,1.76,93,scattered clouds
2025-02-25 14:45:57,1.76,93,scattered clouds
2025-02-25 14:52:43,1.76,93,scattered clouds
2025-02-25 14:59:26,1.76,93,scattered clouds
2025-02-25 15:34:31,2.76,93,scattered clouds
2025-02-25 15:44:42,2.76,93,scattered clouds
2025-02-25 15:52:06,2.76,93,scattered clouds
2025-02-25 15:58:49,2.76,93,scattered clouds
2025-02-25 16:44:37,2.76,93,mist
2025-02-25 16:53:59,2.76,93,mist
2025-02-25 17:35:55,2.76,100,mist
2025-02-25 17:44:00,2.76,100,mist
2025-02-25 17:50:57,2.76,100,mist
2025-02-25 17:57:47,2.76,100,mist
2025-02-25 18:44:14,2.76,100,mist
2025-02-25 18:52:03,2.76,100,mist
2025-02-25 18:58:56,2.76,100,mist
2025-02-25 19:22:59,1.76,100,mist
2025-02-25 19:29:45,1.76,100,mist
2025-02-25 19:39:06,1.76,100,mist
2025-02-25 19:46:15,1.76,100,mist
2025-02-25 19:53:18,1.76,100,mist
2025-02-25 20:00:13,1.76,100,mist
2025-02-25 20:32:29,-0.24,100,mist
2025-02-25 20:42:44,-0.24,100,mist
2025-02-25 20:49:52,-0.24,100,mist
2025-02-25 20:56:52,-0.24,100,mist
2025-02-25 21:27:00,-1.24,93,fog
2025-02-25 21:40:27,-1.24,93,fog
2025-02-25 21:47:15,-1.24,93,fog
2025-02-25 21:54:09,-1.24,93,fog
2025-02-25 22:33:11,-4.24,100,fog
2025-02-25 22:42:39,-4.24,100,fog
2025-02-25 22:49:54,-4.24,100,fog
2025-02-25 22:57:01,-4.24,100,fog
2025-02-25 23:26:48,-2.24,93,fog
2025-02-25 23:36:38,-2.24,93,fog
2025-02-25 23:43:44,-2.24,93,fog
2025-02-25 23:50:33,-2.24,93,fog
2025-02-25 23:57:39,-2.24,93,fog
2025-02-26 02:56:40,4.76,45,haze
2025-02-26 03:43:17,6.76,26,clear sky
2025-02-26 03:51:35,6.76,26,clear sky
2025-02-26 03:58:47,6.76,26,clear sky
2025-02-26 04:41:19,7.76,17,clear sky
2025-02-26 04:50:45,7.76,17,clear sky
2025-02-26 04:57:24,7.76,17,clear sky
2025-02-26 05:33:10,7.76,21,clear sky
2025-02-26 05:42:40,7.76,21,clear sky
2025-02-26 05:49:50,7.76,21,clear sky
2025-02-26 05:56:35,7.76,21,clear sky
2025-02-26 06:43:23,7.76,19,clear sky
2025-02-26 06:51:21,7.76,19,clear sky
2025-02-26 06:58:14,7.76,19,clear sky
2025-02-26 07:27:02,7.76,18,clear sky
2025-02-26 07:38:10,7.76,18,clear sky
2025-02-26 07:44:56,7.76,18,clear sky
2025-02-26 07:52:14,7.76,18,clear sky
2025-02-26 07:58:59,7.76,18,clear sky
2025-02-26 08:41:04,6.76,19,clear sky
2025-02-26 08:51:43,6.76,19,clear sky
2025-02-26 08:58:33,6.76,19,clear sky
2025-02-26 09:31:59,4.76,22,clear sky
2025-02-26 09:42:19,4.76,22,clear sky
2025-02-26 09:49:19,4.76,22,clear sky
2025-02-26 09:56:14,4.76,22,clear sky
2025-02-26 10:38:41,2.76,23,clear sky
2025-02-26 10:46:32,2.76,23,clear sky
2025-02-26 10:53:37,2.76,23,clear sky
2025-02-26 11:24:16,1.76,27,clear sky
2025-02-26 11:35:26,1.76,27,clear sky
2025-02-26 11:42:20,1.76,27,clear sky
2025-02-26 11:49:33,1.76,27,clear sky
2025-02-26 11:56:42,1.76,27,clear sky
2025-02-26 13:04:50,0.76,37,clear sky
2025-02-26 13:38:28,-0.24,40,clear sky
2025-02-26 13:45:38,-0.24,40,clear sky
2025-02-26 13:53:05,-0.24,40,clear sky
2025-02-26 13:59:45,-0.24,40,clear sky
2025-02-26 14:37:35,-1.24,51,clear sky
2025-02-26 14:45:56,-1.24,51,clear sky
2025-02-26 14:53:12,-1.24,51,clear sky
2025-02-26 15:00:01,-1.24,51,clear sky
2025-02-26 15:37:24,-4.24,68,clear sky
2025-02-26 15:46:33,-4.24,68,clear sky
2025-02-26 15:53:45,-4.24,68,clear sky
2025-02-26 16:43:10,-4.24,74,clear sky
2025-02-26 16:53:51,-4.24,74,clear sky
2025-02-26 17:30:43,-5.24,63,clear sky
2025-02-26 17:41:01,-5.24,63,clear sky
2025-02-26 17:48:00,-5.24,63,clear sky
2025-02-26 17:54:47,-5.24,63,clear sky
2025-02-26 18:42:24,0.05,55,clear sky
2025-02-26 18:51:34,0.05,55,clear sky
2025-02-26 18:58:18,0.15,57,clear sky
2025-02-26 19:21:54,0.15,57,clear sky
2025-02-26 19:29:06,0.15,57,clear sky
2025-02-26 19:39:12,0.15,57,clear sky
2025-02-26 19:46:02,0.07,56,clear sky
2025-02-26 19:53:08,0.07,56,clear sky
2025-02-26 20:00:05,-6.24,73,clear sky
2025-02-26 20:31:59,-6.24,73,clear sky
2025-02-26 20:42:45,-6.24,73,clear sky
2025-02-26 20:50:09,-6.24,73,clear sky
2025-02-26 20:57:04,-6.24,73,clear sky
2025-02-26 21:27:31,-6.24,79,clear sky
2025-02-26 21:37:29,-6.24,79,clear sky
2025-02-26 21:44:33,-6.24,79,clear sky
2025-02-26 21:51:24,-6.24,79,clear sky
2025-02-26 21:58:18,-6.24,79,clear sky
2025-02-26 22:34:33,-6.24,86,clear sky
2025-02-26 22:42:52,-6.24,86,clear sky
2025-02-26 22:49:40,-6.24,86,clear sky
2025-02-26 22:56:36,-6.24,86,clear sky
2025-02-26 23:30:35,-4.24,80,clear sky
2025-02-26 23:40:48,-4.24,80,clear sky
2025-02-26 23:47:42,-4.24,80,clear sky
2025-02-26 23:54:48,-4.24,80,clear sky
2025-02-27 02:57:38,8.76,25,clear sky
2025-02-27 03:42:41,9.76,16,clear sky
2025-02-27 03:51:16,9.76,16,clear sky
2025-02-27 03:58:12,9.76,16,clear sky
2025-02-27 04:38:51,11.76,13,clear sky
2025-02-27 04:48:36,11.76,13,clear sky
2025-02-27 04:55:51,11.76,13,clear sky
2025-02-27 05:34:59,12.76,11,clear sky
2025-02-27 05:44:06,12.76,11,clear sky
2025-02-27 05:51:02,12.76,11,clear sky
2025-02-27 05:58:02,12.76,11,clear sky
2025-02-27 06:44:31,12.76,11,few clouds
2025-02-27 06:52:00,12.76,11,few clouds
2025-02-27 06:58:45,12.76,11,few clouds
2025-02-27 07:27:15,12.76,13,clear sky
2025-02-27 07:37:08,12.76,13,clear sky
2025-02-27 07:44:04,12.76,13,clear sky
2025-02-27 07:50:58,12.76,13,clear sky
2025-02-27 07:57:44,12.76,13,clear sky
2025-02-27 08:39:25,11.76,16,clear sky
2025-02-27 08:51:18,11.76,16,clear sky
2025-02-27 08:58:10,11.76,16,clear sky
2025-02-27 09:31:53,10.76,19,clear sky
2025-02-27 09:42:17,10.76,19,clear sky
2025-02-27 09:49:26,10.76,19,clear sky
2025-02-27 09:56:12,10.76,19,clear sky
2025-02-27 10:38:40,6.76,31,clear sky
2025-02-27 10:46:12,6.76,31,clear sky
2025-02-27 10:53:25,6.76,31,clear sky
2025-02-27 11:00:22,6.76,31,clear sky
2025-02-27 11:24:40,7.3,17,broken clouds
2025-02-27 11:36:16,2.76,41,clear sky
2025-02-27 11:43:24,2.76,41,clear sky
2025-02-27 11:50:21,2.76,41,clear sky
2025-02-27 11:59:04,2.76,41,clear sky
2025-02-27 13:05:32,2.76,41,clear sky
2025-02-27 13:39:30,-0.24,51,clear sky
2025-02-27 13:46:33,-0.24,51,clear sky
2025-02-27 13:53:33,-0.24,51,clear sky
2025-02-27 14:35:52,-0.24,59,clear sky
2025-02-27 14:45:16,-0.24,59,clear sky
2025-02-27 14:52:05,-0.24,59,clear sky
2025-02-27 14:58:52,-0.24,59,clear sky
2025-02-27 15:33:56,0.76,60,broken clouds
2025-02-27 15:42:19,0.76,60,broken clouds
2025-02-27 15:49:38,0.76,60,broken clouds
2025-02-27 15:56:42,0.76,60,broken clouds
2025-02-27 16:44:24,-0.24,69,broken clouds
2025-02-27 16:53:09,-0.24,69,broken clouds
2025-02-27 17:00:02,-0.24,69,broken clouds
2025-02-27 17:32:32,0.76,75,broken clouds
2025-02-27 17:41:39,0.76,75,broken clouds
2025-02-27 17:48:43,0.76,75,broken clouds
2025-02-27 17:55:42,0.76,75,broken clouds
2025-02-27 18:43:19,0.76,64,broken clouds
2025-02-27 18:52:03,0.76,64,broken clouds
2025-02-27 18:58:53,0.76,64,broken clouds
2025-02-27 19:22:44,4,35,broken clouds
2025-02-27 19:29:36,-0.24,64,scattered clouds
2025-02-27 19:39:05,-0.24,64,scattered clouds
2025-02-27 19:46:05,-0.24,64,scattered clouds
2025-02-27 19:53:26,-0.24,64,scattered clouds
2025-02-27 20:00:14,-0.24,64,scattered clouds
2025-02-27 20:32:25,-0.24,69,broken clouds
2025-02-27 20:42:56,-0.24,69,broken clouds
2025-02-27 20:49:55,-0.24,69,broken clouds
2025-02-27 20:57:00,-0.24,69,broken clouds
2025-02-27 21:27:27,-0.24,80,broken clouds
2025-02-27 21:38:01,-0.24,80,broken clouds
2025-02-27 21:44:48,-0.24,80,broken clouds
2025-02-27 21:51:55,-0.24,80,broken clouds
2025-02-27 21:58:44,-0.24,80,broken clouds
2025-02-27 22:37:01,1.76,64,broken clouds
2025-02-27 22:44:14,1.76,64,broken clouds
2025-02-27 22:51:18,1.76,64,broken clouds
2025-02-27 22:58:20,1.76,64,broken clouds
2025-02-27 23:28:22,1.76,75,broken clouds
2025-02-27 23:38:47,1.76,75,broken clouds
2025-02-27 23:45:41,1.76,75,broken clouds
2025-02-27 23:52:55,1.76,75,broken clouds
2025-02-27 23:59:48,1.76,75,broken clouds
2025-02-28 02:59:03,9.76,40,broken clouds
2025-02-28 03:42:26,10.76,58,broken clouds
2025-02-28 03:50:58,10.76,58,broken clouds
2025-02-28 03:57:43,10.76,58,broken clouds
2025-02-28 04:38:44,10.76,62,broken clouds
2025-02-28 04:48:05,10.76,62,broken clouds
2025-02-28 04:55:05,10.76,62,broken clouds
2025-02-28 05:35:18,10.76,62,broken clouds
2025-02-28 05:43:57,10.76,62,broken clouds
2025-02-28 05:50:45,10.76,62,broken clouds
2025-02-28 05:57:43,10.76,62,broken clouds
2025-02-28 06:43:30,11.76,58,broken clouds
2025-02-28 06:51:28,11.76,58,broken clouds
2025-02-28 06:58:45,11.76,58,broken clouds
2025-02-28 07:27:37,11.76,58,broken clouds
2025-02-28 07:37:01,11.76,58,broken clouds
2025-02-28 07:44:02,11.76,58,broken clouds
2025-02-28 07:51:25,11.76,58,broken clouds
2025-02-28 07:58:17,11.76,58,broken clouds
2025-02-28 08:38:50,10.76,66,scattered clouds
2025-02-28 08:50:21,10.76,66,scattered clouds
2025-02-28 08:57:27,10.76,66,scattered clouds
2025-02-28 09:31:08,9.76,71,clear sky
2025-02-28 09:41:24,9.76,71,clear sky
2025-02-28 09:48:11,9.76,71,clear sky
2025-02-28 09:55:01,9.76,71,clear sky
2025-02-28 10:38:03,4.76,87,clear sky
2025-02-28 10:45:29,4.76,87,clear sky
2025-02-28 10:52:52,4.76,87,clear sky
2025-02-28 10:59:48,4.76,87,clear sky
2025-02-28 11:24:29,4.76,100,clear sky
2025-02-28 11:36:32,4.76,100,clear sky
2025-02-28 11:43:26,4.76,100,clear sky
2025-02-28 11:50:15,4.76,100,clear sky
2025-02-28 11:57:23,4.76,100,clear sky
2025-02-28 13:04:01,3.76,100,clear sky
2025-02-28 13:36:46,3.76,100,mist
2025-02-28 13:43:39,3.76,100,mist
2025-02-28 13:50:48,3.76,100,mist
2025-02-28 13:57:42,3.76,100,mist
2025-02-28 14:35:57,0.76,100,mist
2025-02-28 14:44:17,0.76,100,mist
2025-02-28 14:51:33,0.76,100,mist
2025-02-28 14:58:42,0.76,100,mist
2025-02-28 15:32:28,0.76,100,fog
2025-02-28 15:42:58,0.76,100,fog
2025-02-28 15:49:42,0.76,100,fog
2025-02-28 15:56:39,0.76,100,fog
2025-02-28 16:42:17,-1.24,100,fog
2025-02-28 16:50:29,-0.24,93,fog
2025-02-28 16:57:42,-0.24,93,fog
2025-02-28 17:30:49,-0.24,100,fog
2025-02-28 17:40:38,-0.24,100,fog
2025-02-28 17:47:52,-0.24,100,fog
2025-02-28 17:54:37,-0.24,100,fog
2025-02-28 18:42:21,-1.24,100,fog
2025-02-28 18:51:23,-1.24,100,fog
2025-02-28 18:58:19,-1.24,100,fog
2025-02-28 19:24:17,-0.24,100,fog
2025-02-28 19:36:03,-0.24,100,fog
2025-02-28 19:42:59,-0.24,100,fog
2025-02-28 19:50:14,-0.24,100,fog
2025-02-28 19:57:11,-0.24,100,fog
2025-02-28 20:31:48,-0.24,100,fog
2025-02-28 20:43:26,-0.24,100,fog
2025-02-28 20:50:30,-0.24,100,fog
2025-02-28 20:57:23,-0.24,100,fog
2025-02-28 21:26:59,-1.24,100,fog
2025-02-28 21:36:36,-1.24,100,fog
2025-02-28 21:43:36,-1.24,100,fog
2025-02-28 21:50:34,-1.24,100,fog
2025-02-28 21:57:27,-1.24,100,fog
2025-02-28 22:34:08,-1.24,100,fog
2025-02-28 22:42:41,-0.24,100,fog
2025-02-28 22:50:01,-0.24,100,fog
2025-02-28 22:57:06,-0.24,93,fog
2025-02-28 23:26:49,-0.24,100,fog
2025-02-28 23:36:37,-0.24,100,fog
2025-02-28 23:43:24,-0.24,100,fog
2025-02-28 23:50:44,-0.24,100,fog
2025-02-28 23:57:34,-0.24,100,fog
2025-03-01 03:04:29,8.76,71,mist
2025-03-01 03:47:39,13.76,44,haze
2025-03-01 03:54:49,13.76,44,haze
2025-03-01 04:35:01,12.76,47,haze
2025-03-01 04:44:33,12.76,47,haze
2025-03-01 04:51:38,12.76,47,haze
2025-03-01 04:58:41,12.76,47,haze
2025-03-01 05:31:42,11.76,54,light rain
2025-03-01 05:41:09,11.76,54,moderate rain
2025-03-01 05:48:05,11.76,54,light rain
2025-03-01 05:55:23,11.76,54,moderate rain
2025-03-01 06:41:08,10.76,82,moderate rain
2025-03-01 06:49:47,10.76,82,light rain
2025-03-01 06:56:47,10.76,82,broken clouds
2025-03-01 07:25:23,8.86,49,overcast clouds
2025-03-01 07:35:33,11.76,66,haze
2025-03-01 07:42:16,11.76,66,haze
2025-03-01 07:49:24,11.76,66,haze
2025-03-01 07:56:20,11.76,66,haze
2025-03-01 08:36:06,11.76,62,haze
2025-03-01 08:46:59,11.76,62,haze
2025-03-01 08:54:06,11.76,62,haze
2025-03-01 09:27:28,10.76,71,overcast clouds
2025-03-01 09:37:52,10.76,71,haze
2025-03-01 09:44:41,10.76,71,haze
2025-03-01 09:51:37,10.76,71,haze
2025-03-01 09:58:33,10.76,71,haze
2025-03-01 10:33:55,9.76,76,broken clouds
2025-03-01 10:42:09,9.76,76,broken clouds
2025-03-01 10:49:03,9.76,76,broken clouds
2025-03-01 10:55:58,9.76,76,broken clouds
2025-03-01 11:20:51,7.58,65,overcast clouds
2025-03-01 11:27:50,7.58,65,overcast clouds
2025-03-01 11:39:27,7.76,81,broken clouds
2025-03-01 11:46:17,7.76,81,broken clouds
2025-03-01 11:53:18,7.76,81,broken clouds
2025-03-01 12:00:08,7.76,81,broken clouds
2025-03-01 12:59:52,5.76,100,mist
2025-03-01 13:30:32,6.76,93,mist
2025-03-01 13:38:30,6.76,93,mist
2025-03-01 13:45:11,6.76,93,mist
2025-03-01 13:52:12,6.76,93,mist
2025-03-01 13:59:22,6.76,93,mist
2025-03-01 14:31:50,6.76,87,mist
2025-03-01 14:40:37,6.76,87,mist
2025-03-01 14:47:35,6.76,87,mist
2025-03-01 14:54:23,6.76,87,mist
2025-03-01 15:29:50,3.76,100,mist
2025-03-01 15:40:27,3.76,100,mist
2025-03-01 15:47:40,3.76,100,mist
2025-03-01 15:54:48,3.76,100,mist
2025-03-01 16:36:38,3.76,100,mist
2025-03-01 16:45:07,3.76,100,mist
2025-03-01 16:52:26,3.76,100,mist
2025-03-01 16:59:21,3.76,100,mist
2025-03-01 17:28:04,3.76,100,mist
2025-03-01 17:36:21,3.76,100,mist
2025-03-01 17:43:07,3.76,100,mist
2025-03-01 17:49:52,3.76,100,mist
2025-03-01 17:56:58,3.76,100,mist
2025-03-01 18:38:09,3.76,100,mist
2025-03-01 18:46:01,3.76,100,mist
2025-03-01 18:53:09,3.76,100,mist
2025-03-01 19:00:17,3.76,100,mist
2025-03-01 19:20:06,4.76,100,mist
2025-03-01 19:26:55,4.76,100,mist
2025-03-01 19:36:54,4.76,100,mist
2025-03-01 19:43:54,4.76,100,mist
2025-03-01 19:51:11,4.76,100,mist
2025-03-01 19:57:55,4.76,100,mist
2025-03-01 20:28:43,5.76,93,mist
2025-03-01 20:40:22,5.76,93,mist
2025-03-01 20:47:35,5.76,93,mist
2025-03-01 20:54:19,5.76,93,mist
2025-03-01 21:27:14,7.18,51,overcast clouds
2025-03-01 21:35:44,4.76,100,mist
2025-03-01 21:42:46,4.76,100,mist
2025-03-01 21:49:46,4.76,100,mist
2025-03-01 21:56:37,4.76,100,mist
2025-03-01 22:31:42,4.76,100,mist
2025-03-01 22:40:52,4.76,100,mist
2025-03-01 22:47:42,4.76,100,mist
2025-03-01 22:54:28,4.76,100,mist
2025-03-01 23:26:56,5.76,87,mist
2025-03-01 23:36:50,5.76,87,mist
2025-03-01 23:43:52,5.76,87,mist
2025-03-01 23:51:05,5.76,87,mist
2025-03-01 23:57:57,5.76,87,mist
2025-03-02 03:01:29,10.76,62,broken clouds
2025-03-02 03:43:05,12.76,54,broken clouds
2025-03-02 03:50:31,12.76,54,broken clouds
2025-03-02 03:57:16,12.76,54,broken clouds
2025-03-02 04:34:37,14.76,41,clear sky
2025-03-02 04:44:54,14.76,41,clear sky
2025-03-02 04:51:56,14.76,41,clear sky
2025-03-02 04:58:54,14.76,41,clear sky
2025-03-02 05:33:27,8.99,45,overcast clouds
2025-03-02 05:42:00,13.76,41,clear sky
2025-03-02 05:49:00,13.76,41,clear sky
2025-03-02 05:56:07,13.76,41,clear sky
2025-03-02 06:40:16,13.76,35,moderate rain
2025-03-02 06:48:58,13.76,35,moderate rain
2025-03-02 06:55:52,13.76,35,moderate rain
2025-03-02 07:24:12,8.09,64,heavy intensity rain
2025-03-02 07:35:39,10.76,62,moderate rain
2025-03-02 07:42:31,10.76,62,moderate rain
2025-03-02 07:49:34,10.76,62,moderate rain
2025-03-02 07:56:20,10.76,62,moderate rain
2025-03-02 08:33:48,7.76,93,moderate rain
2025-03-02 08:44:55,7.76,93,moderate rain
2025-03-02 08:52:11,7.76,93,moderate rain
2025-03-02 08:58:58,7.76,93,moderate rain
2025-03-02 09:29:46,6.76,100,moderate rain
2025-03-02 09:41:13,6.76,100,moderate rain
2025-03-02 09:48:18,6.76,100,moderate rain
2025-03-02 09:55:14,6.76,100,moderate rain
2025-03-02 10:33:30,5.76,93,moderate rain
2025-03-02 10:41:49,5.76,93,moderate rain
2025-03-02 10:48:53,5.76,93,moderate rain
2025-03-02 10:55:39,5.76,93,moderate rain
2025-03-02 11:21:14,4.76,93,moderate rain
2025-03-02 11:27:58,4.76,93,moderate rain
2025-03-02 11:37:29,4.76,93,moderate rain
2025-03-02 11:44:31,4.76,93,light rain
2025-03-02 11:51:50,4.76,93,moderate rain
2025-03-02 11:58:37,4.76,93,moderate rain
2025-03-02 12:58:48,4.76,87,light rain
2025-03-02 13:30:11,3.76,93,moderate rain
2025-03-02 13:38:08,2.88,80,moderate rain
2025-03-02 13:44:56,3.76,93,light rain
2025-03-02 13:52:00,3.76,93,light rain
2025-03-02 13:59:17,3.76,93,light rain
2025-03-02 14:31:09,2.76,93,moderate rain
2025-03-02 14:40:27,2.76,93,moderate rain
2025-03-02 14:47:12,2.76,93,moderate rain
2025-03-02 14:53:59,2.76,93,moderate rain
2025-03-02 15:27:54,2.76,93,moderate rain
2025-03-02 15:39:57,2.76,93,heavy intensity rain
2025-03-02 15:46:39,2.76,93,heavy intensity rain
2025-03-02 15:53:46,2.76,93,moderate rain
2025-03-02 16:36:43,2.76,93,moderate rain
2025-03-02 16:45:11,2.76,93,moderate rain
2025-03-02 16:51:56,2.76,93,moderate rain
2025-03-02 16:59:05,2.76,93,moderate rain
2025-03-02 17:28:53,2.76,93,moderate rain
2025-03-02 17:38:03,2.76,93,moderate rain
2025-03-02 17:44:47,2.76,93,moderate rain
2025-03-02 17:52:03,2.76,93,moderate rain
2025-03-02 17:58:59,2.76,93,moderate rain
2025-03-02 18:41:23,1.76,100,light rain
2025-03-02 18:49:46,1.76,100,light rain
2025-03-02 18:56:56,1.76,100,light rain
2025-03-02 19:19:43,0.25,98,snow
2025-03-02 19:26:15,0.25,98,snow
2025-03-02 19:36:23,1.76,100,moderate rain
2025-03-02 19:43:18,1.76,100,light rain
2025-03-02 19:50:27,1.76,100,light rain
2025-03-02 19:57:15,1.76,100,moderate rain
2025-03-02 20:28:31,0.1,97,snow
2025-03-02 20:41:17,0.76,100,light rain
2025-03-02 20:48:16,0.76,100,moderate rain
2025-03-02 20:55:05,0.76,100,light rain
2025-03-02 21:25:11,0.76,100,snow
2025-03-02 21:34:50,0.76,100,snow
2025-03-02 21:41:40,0.76,100,snow
2025-03-02 21:48:48,0.76,100,snow
2025-03-02 21:55:33,0.76,100,snow
2025-03-02 22:32:01,0.76,100,light snow
2025-03-02 22:41:19,0.76,100,snow
2025-03-02 22:48:30,0.76,100,light snow
2025-03-02 22:55:38,0.76,100,light snow
2025-03-02 23:25:36,1.76,93,broken clouds
2025-03-02 23:35:51,1.76,93,mist
2025-03-02 23:42:44,1.76,93,mist
2025-03-02 23:49:58,1.76,93,mist
2025-03-02 23:56:57,1.76,93,broken clouds
2025-03-03 03:00:55,4.76,65,clear sky
2025-03-03 03:45:18,5.76,56,clear sky
2025-03-03 03:54:28,5.76,56,clear sky
2025-03-03 04:39:09,6.76,57,clear sky
2025-03-03 04:49:49,6.76,57,clear sky
2025-03-03 04:56:29,6.76,57,clear sky
2025-03-03 05:34:43,6.76,57,clear sky
2025-03-03 05:44:01,6.76,57,clear sky
2025-03-03 05:50:49,6.76,57,clear sky
2025-03-03 05:57:47,6.76,57,clear sky
2025-03-03 06:46:47,5.76,52,clear sky
2025-03-03 06:53:59,5.76,52,clear sky
2025-03-03 07:27:36,4.76,52,clear sky
2025-03-03 07:38:40,4.76,52,clear sky
2025-03-03 07:45:23,4.76,52,clear sky
2025-03-03 07:52:48,4.76,52,clear sky
2025-03-03 07:59:44,4.76,52,clear sky
2025-03-03 08:40:11,4.76,52,clear sky
2025-03-03 08:51:14,4.76,52,clear sky
2025-03-03 08:58:00,4.76,52,clear sky
2025-03-03 09:34:46,3.76,52,clear sky
2025-03-03 09:44:19,3.76,52,clear sky
2025-03-03 09:51:29,3.76,52,clear sky
2025-03-03 09:58:28,3.76,52,clear sky
2025-03-03 10:40:41,2.76,56,clear sky
2025-03-03 10:49:12,2.76,56,clear sky
2025-03-03 10:56:17,2.76,56,clear sky
2025-03-03 11:25:08,1.76,55,clear sky
2025-03-03 11:36:12,1.76,55,clear sky
2025-03-03 11:43:04,1.76,55,clear sky
2025-03-03 11:49:56,1.76,55,clear sky
2025-03-03 11:56:46,1.76,55,clear sky
2025-03-03 13:14:04,1.76,51,clear sky
2025-03-03 13:41:50,1.76,51,clear sky
2025-03-03 13:48:56,1.76,51,clear sky
2025-03-03 13:55:44,1.76,51,clear sky
2025-03-03 14:37:41,1.76,48,clear sky
2025-03-03 14:46:10,1.76,48,clear sky
2025-03-03 14:53:10,1.76,48,clear sky
2025-03-03 15:00:21,1.76,48,clear sky
2025-03-03 15:35:35,1.76,51,clear sky
2025-03-03 15:44:52,1.76,51,clear sky
2025-03-03 15:51:44,1.76,51,clear sky
2025-03-03 15:58:30,1.76,51,clear sky
2025-03-03 16:43:17,1.76,55,clear sky
2025-03-03 16:55:07,1.76,55,clear sky
2025-03-03 17:31:26,1.76,51,clear sky
2025-03-03 17:41:46,1.76,51,clear sky
2025-03-03 17:48:55,1.76,51,clear sky
2025-03-03 17:55:46,1.76,51,light snow
2025-03-03 18:40:59,1.76,51,clear sky
2025-03-03 18:51:35,1.76,51,clear sky
2025-03-03 18:58:43,1.76,51,clear sky
2025-03-03 19:22:42,0.77,57,light snow
2025-03-03 19:29:28,1.76,55,clear sky
2025-03-03 19:38:59,1.76,55,clear sky
2025-03-03 19:45:49,1.76,55,clear sky
2025-03-03 19:52:38,1.76,55,clear sky
2025-03-03 19:59:19,1.76,55,clear sky
2025-03-03 20:32:51,1.76,55,clear sky
2025-03-03 20:45:33,1.76,55,clear sky
2025-03-03 20:52:39,1.76,55,snow
2025-03-03 20:59:35,1.76,55,snow
2025-03-03 21:30:15,1.76,55,clear sky
2025-03-03 21:42:57,1.76,55,clear sky
2025-03-03 21:50:05,1.76,55,clear sky
2025-03-03 21:56:53,1.76,55,clear sky
2025-03-03 22:35:10,2.76,52,clear sky
2025-03-03 22:43:21,2.76,52,light rain
2025-03-03 22:50:00,2.76,52,light rain
2025-03-03 22:56:47,2.76,52,clear sky
2025-03-03 23:27:18,2.76,56,clear sky
2025-03-03 23:39:02,2.76,56,clear sky
2025-03-03 23:46:11,2.76,56,light rain
2025-03-03 23:53:20,2.76,56,snow
2025-03-04 00:00:16,2.76,56,snow
2025-03-04 03:01:51,0.76,100,snow
2025-03-04 03:46:15,0.76,100,snow
2025-03-04 03:53:36,0.76,100,snow
2025-03-04 04:36:40,1.76,100,snow
2025-03-04 04:48:31,1.76,100,snow
2025-03-04 04:55:19,1.76,100,snow
2025-03-04 05:32:44,1.76,100,light rain
2025-03-04 05:42:36,1.76,100,light rain
2025-03-04 05:49:25,1.76,100,light rain
2025-03-04 05:56:07,1.76,100,light rain
2025-03-04 06:44:04,2.76,87,light rain
2025-03-04 06:52:24,2.76,87,light rain
2025-03-04 06:59:40,2.76,87,light rain
2025-03-04 07:29:20,2.76,93,light rain
2025-03-04 07:41:16,2.76,93,light rain
2025-03-04 07:48:11,2.76,93,broken clouds
2025-03-04 07:55:18,2.76,93,broken clouds
2025-03-04 08:40:06,3.76,81,broken clouds
2025-03-04 08:52:37,3.76,81,broken clouds
2025-03-04 08:59:21,3.76,81,broken clouds
2025-03-04 09:33:02,3.76,70,broken clouds
2025-03-04 09:43:09,3.76,70,broken clouds
2025-03-04 09:50:00,3.76,70,broken clouds
2025-03-04 09:57:09,3.76,70,broken clouds
2025-03-04 10:40:17,2.76,81,broken clouds
2025-03-04 10:49:16,2.76,81,broken clouds
2025-03-04 10:56:03,2.76,81,broken clouds
2025-03-04 11:24:23,1.76,87,broken clouds
2025-03-04 11:36:43,1.76,87,broken clouds
2025-03-04 11:43:30,1.76,87,broken clouds
2025-03-04 11:50:22,1.76,87,broken clouds
2025-03-04 11:57:27,1.76,87,broken clouds
2025-03-04 13:13:50,1.76,87,clear sky
2025-03-04 13:41:48,1.76,80,clear sky
2025-03-04 13:48:59,1.76,80,clear sky
2025-03-04 13:55:59,1.76,80,clear sky
2025-03-04 14:37:38,1.76,75,clear sky
2025-03-04 14:45:39,1.76,75,clear sky
2025-03-04 14:52:49,1.76,75,snow
2025-03-04 14:59:34,1.76,75,snow
2025-03-04 15:36:29,1.76,75,light snow
2025-03-04 15:45:44,1.76,75,clear sky
2025-03-04 15:53:15,1.76,75,clear sky
2025-03-04 16:00:02,1.76,75,light snow
2025-03-04 16:46:30,1.76,75,clear sky
2025-03-04 16:55:32,1.76,75,clear sky
2025-03-04 17:31:25,1.76,75,clear sky
2025-03-04 17:41:42,1.76,75,clear sky
2025-03-04 17:48:31,1.76,75,clear sky
2025-03-04 17:55:22,1.76,75,clear sky
2025-03-04 18:45:26,1.76,75,clear sky
2025-03-04 18:53:34,1.76,75,clear sky
2025-03-04 19:21:11,1.15,76,overcast clouds
2025-03-04 19:28:07,1.15,76,overcast clouds
2025-03-04 19:38:31,1.76,75,clear sky
2025-03-04 19:45:38,1.76,75,clear sky
2025-03-04 19:52:45,1.76,75,clear sky
2025-03-04 19:59:50,1.76,75,clear sky
2025-03-04 20:32:09,1.76,75,clear sky
2025-03-04 20:42:47,1.76,75,clear sky
2025-03-04 20:50:02,1.76,75,light snow
2025-03-04 20:57:02,1.76,75,clear sky
2025-03-04 21:28:11,0.98,75,light snow
2025-03-04 21:39:17,1.76,75,clear sky
2025-03-04 21:46:21,1.76,75,clear sky
2025-03-04 21:53:31,1.76,75,light snow
2025-03-04 22:31:31,1.76,75,snow
2025-03-04 22:41:53,1.76,75,snow
2025-03-04 22:49:01,1.76,75,clear sky
2025-03-04 22:55:57,1.76,75,light snow
2025-03-04 23:27:14,1.76,75,clear sky
2025-03-04 23:38:23,1.76,75,clear sky
2025-03-04 23:45:18,1.76,75,clear sky
2025-03-04 23:52:22,1.76,75,clear sky
2025-03-04 23:59:30,1.76,75,clear sky
2025-03-05 03:00:09,4.76,65,light rain
2025-03-05 03:43:30,4.76,65,clear sky
2025-03-05 03:52:52,4.76,65,clear sky
2025-03-05 03:59:36,4.76,65,clear sky
2025-03-05 04:38:37,5.76,65,clear sky
2025-03-05 04:48:57,5.76,65,clear sky
2025-03-05 04:56:14,5.76,65,clear sky
2025-03-05 05:35:17,6.76,61,clear sky
2025-03-05 05:43:36,6.76,61,clear sky
2025-03-05 05:50:35,6.76,61,clear sky
2025-03-05 05:57:47,6.76,61,clear sky
2025-03-05 06:45:05,7.76,57,broken clouds
2025-03-05 06:52:25,7.76,57,broken clouds
2025-03-05 06:59:21,7.76,57,broken clouds
2025-03-05 07:29:40,7.76,57,broken clouds
2025-03-05 07:41:28,7.76,57,broken clouds
2025-03-05 07:48:44,7.76,57,broken clouds
2025-03-05 07:55:39,7.76,57,broken clouds
2025-03-05 08:40:58,7.76,57,clear sky
2025-03-05 08:52:50,7.76,57,clear sky
2025-03-05 08:59:57,7.76,57,clear sky
2025-03-05 09:33:03,6.76,61,clear sky
2025-03-05 09:42:59,6.76,61,clear sky
2025-03-05 09:49:59,6.76,61,clear sky
2025-03-05 09:57:04,6.76,61,clear sky
2025-03-05 10:39:23,4.76,65,few clouds
2025-03-05 10:48:06,4.76,65,few clouds
2025-03-05 10:54:59,4.76,65,few clouds
2025-03-05 11:24:19,3.76,75,few clouds
2025-03-05 11:36:28,3.76,75,few clouds
2025-03-05 11:43:26,3.76,75,few clouds
2025-03-05 11:50:30,3.76,75,few clouds
2025-03-05 11:57:19,3.76,75,few clouds
2025-03-05 13:14:45,4.88,48,clear sky
2025-03-05 13:41:20,1.76,93,clear sky
2025-03-05 13:48:37,1.76,93,clear sky
2025-03-05 13:55:24,1.76,93,clear sky
2025-03-05 14:37:11,1.76,87,clear sky
2025-03-05 14:45:53,1.76,87,clear sky
2025-03-05 14:53:05,1.76,87,clear sky
2025-03-05 14:59:59,1.76,87,clear sky
2025-03-05 15:32:57,0.76,80,clear sky
2025-03-05 15:44:41,0.76,80,clear sky
2025-03-05 15:51:41,0.76,80,clear sky
2025-03-05 15:58:39,0.76,80,clear sky
2025-03-05 16:52:50,-0.24,80,clear sky
2025-03-05 16:59:55,-0.24,80,clear sky
2025-03-05 17:33:09,-1.24,93,clear sky
2025-03-05 17:41:02,-1.24,93,clear sky
2025-03-05 17:48:20,-1.24,93,clear sky
2025-03-05 17:55:15,-1.24,93,clear sky
2025-03-05 18:45:26,-2.24,93,clear sky
2025-03-05 18:53:46,-2.24,93,clear sky
2025-03-05 19:22:11,1.97,53,clear sky
2025-03-05 19:29:14,1.97,53,clear sky
2025-03-05 19:39:59,-2.24,86,clear sky
2025-03-05 19:47:01,-2.24,86,clear sky
2025-03-05 19:54:10,-2.24,86,clear sky
2025-03-05 20:32:06,-1.24,80,clear sky
2025-03-05 20:44:23,-1.24,80,clear sky
2025-03-05 20:51:33,-1.24,80,clear sky
2025-03-05 20:58:19,-1.24,80,clear sky
2025-03-05 21:28:36,-3.24,86,clear sky
2025-03-05 21:39:51,-3.24,86,clear sky
2025-03-05 21:46:54,-3.24,86,clear sky
2025-03-05 21:53:58,-3.24,86,clear sky
